model,fold,all_MAE,all_RMSE,all_MAPE,all_MedAPE,all_WAPE,clean_MAE,clean_RMSE,clean_MAPE,clean_MedAPE,clean_WAPE,fit_s,n_trimmed
band median (equipment x distance band),07,144.25530359397982,640.74878208903,0.060536167010365266,0.03508914238078334,0.059729037562965145,90.5653868054746,125.63482168569674,0.039656540759921206,0.03449641368669903,0.03804926090374544,0.0,0
band median (equipment x distance band),08,126.1379290022455,619.6555749902514,0.06026122382711248,0.030337725218934842,0.05394180454128227,76.68838072432317,106.69897887630619,0.03618730884508425,0.029843788258765335,0.03316335950938671,0.0,0
band median (equipment x distance band),09,130.34830476079836,621.4825329463745,0.05645315540974933,0.03100715968819328,0.054167932359995,79.3188515017503,109.31735741087695,0.036051455157527536,0.030441230438235746,0.03337589228511437,0.0,0
band median (equipment x distance band),10,138.2602873375121,653.4495228016442,0.06629266489913566,0.031566881852200336,0.05811572159594109,78.1210564802615,106.14413332457478,0.036402943051043975,0.030840043201386363,0.03330661223875658,0.0,0
"robust linear (distance, weight, equipment)",07,133.39973273495988,637.113834567681,0.054671919408951046,0.03094422171003531,0.0552342787329481,79.6507866099808,108.26471443510077,0.03390564457843591,0.030616831826934948,0.03346370691731548,0.2,0
"robust linear (distance, weight, equipment)",08,108.78016245824081,616.015412269933,0.052060859630038724,0.023860077259785426,0.046518904406515973,58.978187762840506,81.88836521029808,0.027748844761478098,0.023450272895073922,0.02550470912956487,0.3,0
"robust linear (distance, weight, equipment)",09,114.0100177088868,618.4504514197517,0.04900854856893413,0.0245370012800982,0.047378344804328607,62.79684249133038,87.52073919414731,0.02854728876400255,0.024118081143924094,0.02642373926442551,0.2,0
"robust linear (distance, weight, equipment)",10,119.37228003408333,650.2401362417621,0.05728008334439046,0.02368129630857316,0.05017641960918506,58.962357110176406,79.42769269038615,0.027576531317120626,0.023145229616165174,0.02513837438242955,0.2,0
"GBM static features, raw labels",07,125.5713271913898,634.4924552397537,0.05011975797961793,0.027492489245412727,0.05199292041113499,71.79532315560131,100.77739894661707,0.02936505565280947,0.027134110575268426,0.030163388892532814,0.4,0
"GBM static features, raw labels",08,97.32317418933728,614.7591907351941,0.04507758692712626,0.017837165345735363,0.04161942154104134,47.36790663933645,68.3706689094721,0.020682753573702712,0.017605598498389673,0.02048392340861027,0.4,0
"GBM static features, raw labels",09,103.46186382709492,615.1121128336192,0.042746988848726186,0.018592490012867502,0.04299492234984986,52.27528396881828,78.41976848847801,0.022237282118630634,0.01822463808711678,0.02199646381514418,0.3,0
"GBM static features, raw labels",10,106.38046012603188,648.4706944773963,0.04958669220156526,0.01734566378653496,0.044715495121462896,45.86563833616325,66.4984018558334,0.01990766427953173,0.017048054275574744,0.019554638659189372,0.4,0
"GBM static features, absolute-error loss",07,121.05274618089199,633.1194943239134,0.04816063872744896,0.02564806056041079,0.05012199789956511,67.25944290585952,94.51802164675671,0.02737155605837898,0.025314316843772607,0.028257728273854386,0.7,0
"GBM static features, absolute-error loss",08,97.32285306354508,614.2559791912932,0.044685488469603137,0.01774425990166619,0.04161928421434783,47.35097896357021,68.45254489231243,0.02016250253091791,0.017460518880463776,0.020476603152375997,1.0,0
"GBM static features, absolute-error loss",09,99.49006905681117,614.6573022099309,0.04093476187086568,0.01690190905658768,0.041344391406165394,48.21296486510196,72.5499296106451,0.020378595465119494,0.01651448934243429,0.020287115756437022,0.9,0
"GBM static features, absolute-error loss",10,103.12129700766405,648.1413548938604,0.047889592648172344,0.015782062732972814,0.04334555281864928,42.52581599232188,61.61759817467839,0.01817106535478702,0.015574144535175291,0.018130718236649187,1.0,0
"GBM static features, corrupt labels trimmed",07,121.84387516316623,633.4091912310164,0.04838045510474546,0.025860250807753442,0.05044956556274377,68.05514994936702,95.21396208513958,0.027606891141082144,0.02555177543792023,0.02859202889321126,0.8,404
"GBM static features, corrupt labels trimmed",08,93.06979628347044,613.9323968125548,0.04294050702161021,0.015950063690778372,0.03980050092411577,43.06326923456551,62.438332467054714,0.018457932746583562,0.01577852284684213,0.01862241275388479,0.9,473
"GBM static features, corrupt labels trimmed",09,98.6280106235564,614.7455863224953,0.040468974803070185,0.016594822199913324,0.04098615181886428,47.334687104055,71.60596738660622,0.019933804144766865,0.01631437204503258,0.019917552866983587,0.9,536
"GBM static features, corrupt labels trimmed",10,103.25915783106532,648.5010278712515,0.04803215918439316,0.015951874013445375,0.0434035006313297,42.63116738924285,61.85882671777936,0.018322077749997872,0.015598057523367794,0.018175634399898267,1.0,606
final: trimmed GBM + month-deviation market adjustment,07,113.98317148988235,632.9854634231808,0.045242256298208064,0.023075770731709435,0.04719483417141554,59.941625061390035,82.83318421199903,0.024427904706326307,0.022711581498448118,0.025183291447251312,3.1,404
final: trimmed GBM + month-deviation market adjustment,08,91.59550075488917,612.8548488601684,0.042443823298102215,0.015327719572148079,0.03917003107362853,41.566524344738816,60.150895648725644,0.01791622120912266,0.01503364089239443,0.017975155784754174,3.5,473
final: trimmed GBM + month-deviation market adjustment,09,98.86493556787521,614.0754240998768,0.04077033470055789,0.016720459069456614,0.041084609059116144,47.59105398161312,71.65039350100231,0.02022171644291661,0.016361994518038762,0.020025427264164716,3.7,536
final: trimmed GBM + month-deviation market adjustment,10,99.65297319800301,647.6077124904887,0.04671342066077336,0.014758350577770552,0.041887692830012126,39.003736229783726,55.685612398330555,0.01696305790220879,0.014424415260989336,0.016629093063998457,4.3,606
