model,all_MAE,all_RMSE,all_MAPE,all_MedAPE,all_WAPE,clean_MAE,clean_RMSE,clean_MAPE,clean_MedAPE,clean_WAPE,fit_s,n_trimmed
leaves=7 min_leaf=40 lr=0.06 iters=300,104.2002,627.6471,0.045,0.0186,0.0437,50.2711,72.7793,0.0211,0.0183,0.0213,0.85,504.75
leaves=7 min_leaf=40 lr=0.03 iters=600,104.227,627.62,0.045,0.0186,0.0437,50.2967,72.7626,0.0211,0.0182,0.0213,1.275,504.75
leaves=7 min_leaf=200 lr=0.06 iters=300,104.2165,627.6305,0.045,0.0186,0.0437,50.2903,72.7968,0.0211,0.0183,0.0213,0.875,504.75
leaves=7 min_leaf=200 lr=0.03 iters=600,104.1807,627.6059,0.045,0.0186,0.0437,50.2502,72.692,0.0211,0.0183,0.0213,1.3,504.75
leaves=15 min_leaf=40 lr=0.06 iters=300,104.0623,627.6182,0.0449,0.0185,0.0436,50.1375,72.3768,0.021,0.0182,0.0213,0.95,504.75
leaves=15 min_leaf=40 lr=0.03 iters=600,104.1064,627.654,0.0449,0.0185,0.0436,50.1833,72.5348,0.021,0.0182,0.0213,1.2,504.75
leaves=15 min_leaf=200 lr=0.06 iters=300,104.0037,627.5765,0.0448,0.0186,0.0436,50.0819,72.3313,0.021,0.0182,0.0212,0.925,504.75
leaves=15 min_leaf=200 lr=0.03 iters=600,104.0853,627.6052,0.0449,0.0185,0.0436,50.1635,72.5319,0.021,0.0182,0.0213,1.325,504.75
leaves=31 min_leaf=40 lr=0.06 iters=300,104.0663,627.5655,0.0449,0.0185,0.0436,50.1492,72.4185,0.021,0.0182,0.0213,0.925,504.75
leaves=31 min_leaf=40 lr=0.03 iters=600,104.0091,627.4996,0.0448,0.0185,0.0436,50.0941,72.3659,0.021,0.0182,0.0213,1.575,504.75
leaves=31 min_leaf=200 lr=0.06 iters=300,104.1227,627.5706,0.0449,0.0186,0.0436,50.2021,72.5261,0.0211,0.0182,0.0213,1.025,504.75
leaves=31 min_leaf=200 lr=0.03 iters=600,104.1259,627.4661,0.0449,0.0186,0.0436,50.2167,72.5508,0.0211,0.0183,0.0213,1.55,504.75
